race_id,driver_id,q1_time,q2_time,q3_time
1,1,82.531,75.49,NA
1,2,78.794,77.262,75.358
1,3,83.925,NA,NA
1,4,82.978,NA,NA
1,5,80.904,77.604,77.086
1,6,84.418,NA,NA
1,7,80.244,77.989,77.337
1,8,81.14,78.323,NA
1,9,75.804,79.161,77.723
1,10,82.676,79.708,NA
1,11,79.385,79.822,78.092
1,12,77.523,79.908,79.037
1,13,80.044,80.567,79.547
1,14,83.066,NA,NA
1,15,84.291,NA,NA
1,16,81.378,80.822,NA
1,17,79.955,80.877,79.677
1,18,77.942,81.102,79.806
1,19,81.179,82.252,NA
1,20,78.417,82.5,80.285
2,1,80.41,75.681,NA
2,2,81.14,75.482,NA
2,3,81.281,75.935,NA
2,4,78.327,76.326,75.357
2,5,83.261,NA,NA
2,6,79.695,77.383,NA
2,7,84.966,NA,NA
2,8,76.366,77.33,75.425
2,9,75.95,77.633,75.719
2,10,79.201,78.083,76.151
2,11,82.296,NA,NA
2,12,76.609,78.651,77.065
2,13,77.628,78.976,77.167
2,14,81.41,NA,NA
2,15,77.735,79.406,77.414
2,16,77.65,80.285,77.79
2,17,81.8,NA,NA
2,18,75.949,80.216,78.437
2,19,78.812,80.678,78.847
2,20,80.503,80.827,NA
3,1,75.28,75.015,74.81
3,2,76.886,75.302,75.068
3,3,77.978,75.463,75.172
3,4,75.761,76.021,75.728
3,5,82.582,76.74,NA
3,6,81.346,77.579,NA
3,7,82.972,NA,NA
3,8,78.008,77.582,76.501
3,9,75.946,78.133,77.328
3,10,78.971,78.621,77.325
3,11,78.548,80.506,77.93
3,12,82.753,NA,NA
3,13,84.137,NA,NA
3,14,83.626,NA,NA
3,15,76.414,80.532,78.374
3,16,82.657,80.919,NA
3,17,84.569,NA,NA
3,18,80.987,82.24,NA
3,19,80.92,82.146,80.226
3,20,82.481,82.222,NA
4,1,81.453,74.963,NA
4,2,75.647,75.172,74.847
4,3,75.063,75.695,74.926
4,4,81.915,76.718,NA
4,5,76.996,77.255,75.424
4,6,77.922,77.216,76.507
4,7,82.121,NA,NA
4,8,77.692,77.737,77.004
4,9,84.625,NA,NA
4,10,78.718,78.249,77.023
4,11,80.68,78.873,NA
4,12,83.352,NA,NA
4,13,81.795,78.934,NA
4,14,82.756,NA,NA
4,15,79.874,79.681,NA
4,16,79.413,80.522,77.561
4,17,79.301,81.083,78.044
4,18,76.176,81.375,78.675
4,19,77.643,81.72,78.735
4,20,83.153,NA,NA
5,1,75.245,74.749,74.47
5,2,81.827,74.873,NA
5,3,78.683,75.19,74.73
5,4,79.427,76.276,74.894
5,5,75.286,78.078,75.999
5,6,80.68,78.231,NA
5,7,82.343,78.365,NA
5,8,76.622,78.258,77.873
5,9,78.788,78.592,77.996
5,10,83.095,NA,NA
5,11,82.515,79.268,NA
5,12,83.659,NA,NA
5,13,83.152,NA,NA
5,14,78.243,80.299,78.149
5,15,84.07,NA,NA
5,16,83.054,NA,NA
5,17,78.734,81.679,78.178
5,18,78.719,82.191,78.425
5,19,75.534,82.37,79.133
5,20,82.864,82.624,NA
6,1,81.929,75.603,NA
6,2,80.028,76.972,75.356
6,3,79.955,77.108,76.675
6,4,79.43,77.542,76.875
6,5,82.404,NA,NA
6,6,78.039,77.541,77.438
6,7,77.933,78.911,77.254
6,8,82.607,NA,NA
6,9,79.129,79.034,78.727
6,10,77.315,79.157,78.904
6,11,75.871,79.528,78.975
6,12,77.308,79.837,79.236
6,13,80.364,80.145,NA
6,14,81.06,80.294,NA
6,15,82.485,NA,NA
6,16,82.507,NA,NA
6,17,80.663,80.758,NA
6,18,81.344,81.202,NA
6,19,79.649,81.628,79.592
6,20,84.773,NA,NA
7,1,75.411,74.978,74.774
7,2,78.272,76.012,75.734
7,3,83.84,NA,NA
7,4,83.305,NA,NA
7,5,76.437,76.049,75.885
7,6,83.876,NA,NA
7,7,77.925,76.415,76.302
7,8,81.285,77.473,NA
7,9,79.735,77.873,NA
7,10,78.384,78.271,77.286
7,11,78.567,78.127,77.754
7,12,80.273,78.368,NA
7,13,76.843,78.288,77.986
7,14,80.112,79.243,NA
7,15,79.422,79.28,NA
7,16,76.312,79.665,78.02
7,17,78.476,80.135,78.017
7,18,81.287,NA,NA
7,19,82.142,NA,NA
7,20,78.758,80.809,78.194
8,1,80.907,74.789,74.676
8,2,84.806,NA,NA
8,3,77.83,74.869,74.741
8,4,75.024,77.279,77.027
8,5,75.256,77.391,77.113
8,6,84.669,NA,NA
8,7,81.901,78.236,NA
8,8,77.528,79.398,78.052
8,9,84.916,NA,NA
8,10,83.381,79.722,NA
8,11,80.395,80.077,79.237
8,12,79.887,80.594,79.463
8,13,81.387,80.895,79.927
8,14,78.384,81.753,80.348
8,15,82.436,82.019,NA
8,16,80.212,82.344,80.665
8,17,84.596,NA,NA
8,18,84.577,83.061,NA
8,19,84.759,NA,NA
8,20,82.839,84.458,NA
9,1,82.383,75.336,NA
9,2,75.94,75.66,75.15
9,3,81.892,76.122,NA
9,4,75.676,76.024,75.442
9,5,76.311,76.122,75.799
9,6,78.907,76.723,75.998
9,7,78.625,78.42,75.824
9,8,78.644,78.287,76.465
9,9,81.612,78.792,NA
9,10,77.107,79.768,78.1
9,11,76.495,81.378,78.134
9,12,84.142,NA,NA
9,13,82.828,NA,NA
9,14,79.992,81.284,78.565
9,15,83.39,NA,NA
9,16,82.517,NA,NA
9,17,81.673,81.704,NA
9,18,83.851,NA,NA
9,19,81.991,81.827,NA
9,20,76.422,82.148,79.472
10,1,80.018,75.003,NA
10,2,76.888,76.171,74.759
10,3,84.624,NA,NA
10,4,81.938,76.764,NA
10,5,82.038,NA,NA
10,6,78.715,76.826,75.922
10,7,80.913,76.704,NA
10,8,84.663,NA,NA
10,9,84.054,NA,NA
10,10,83.578,NA,NA
10,11,81.359,77.113,NA
10,12,79.357,77.822,76.436
10,13,76.425,78.44,76.626
10,14,78.993,78.616,76.56
10,15,75.356,79.194,76.817
10,16,77.957,79.78,77.687
10,17,80.699,80.333,NA
10,18,77.188,80.726,78.228
10,19,77.431,81.185,78.369
10,20,77.124,81.583,79.009
11,1,84.111,NA,NA
11,2,78.451,74.957,74.663
11,3,80.501,75.528,NA
11,4,78.143,76.749,75.394
11,5,78.786,77.734,76.528
11,6,75.77,77.689,77.499
11,7,82.108,NA,NA
11,8,79.959,78.305,77.459
11,9,80.924,78.296,NA
11,10,82.693,NA,NA
11,11,75.086,78.376,78.074
11,12,83.764,NA,NA
11,13,80.174,78.381,NA
11,14,77.899,79.475,78.085
11,15,81.982,80.004,NA
11,16,80.437,80.336,NA
11,17,78.745,80.071,78.239
11,18,84.69,NA,NA
11,19,78.579,80.426,78.229
11,20,77.236,81.695,79.203
12,1,81.379,74.578,NA
12,2,81.215,75.489,NA
12,3,82.886,76.111,NA
12,4,76.363,76.957,74.305
12,5,77.883,77.721,75.196
12,6,78.453,78.112,75.877
12,7,82.907,NA,NA
12,8,84.66,NA,NA
12,9,75.034,78.893,76.739
12,10,84.263,NA,NA
12,11,80.727,78.811,NA
12,12,77.286,79.405,77.45
12,13,79.06,80.459,77.855
12,14,83.534,NA,NA
12,15,75.6,80.617,78.651
12,16,79.849,80.827,78.689
12,17,84.354,NA,NA
12,18,81.998,80.976,NA
12,19,80.719,81.696,79.199
12,20,79.274,82.699,80.235
13,1,76.784,74.782,74.666
13,2,82.628,75.277,NA
13,3,78.156,75.499,75.057
13,4,80.631,75.502,75.215
13,5,75.482,75.731,75.28
13,6,83.57,NA,NA
13,7,75.687,75.639,75.508
13,8,75.215,76.311,75.459
13,9,80.701,77.736,76.187
13,10,83.019,NA,NA
13,11,76.039,80.361,77.535
13,12,76.005,80.408,80.069
13,13,83.939,NA,NA
13,14,81.22,80.787,NA
13,15,75.698,81.341,80.29
13,16,81.548,81.409,NA
13,17,84.961,NA,NA
13,18,82.82,82.148,NA
13,19,83.355,NA,NA
13,20,81.855,82.716,NA
14,1,82.4,NA,NA
14,2,84.885,NA,NA
14,3,77.232,75.294,75.155
14,4,75.795,75.627,75.429
14,5,81.111,76.642,NA
14,6,77.664,76.778,76.508
14,7,82.859,NA,NA
14,8,81.073,76.884,NA
14,9,81.294,76.967,NA
14,10,75.519,77.409,76.677
14,11,79.029,77.33,76.664
14,12,76.768,78.197,76.739
14,13,76.99,78.629,77.187
14,14,77.687,78.562,77.246
14,15,78.68,80.273,78.015
14,16,83.618,NA,NA
14,17,78.877,80.878,NA
14,18,83.002,NA,NA
14,19,77.443,80.964,78.382
14,20,80.724,80.827,NA
15,1,84.736,NA,NA
15,2,75.609,74.726,74.512
15,3,81.044,75.399,NA
15,4,76.922,75.384,75.177
15,5,81.864,75.448,NA
15,6,77.068,75.569,75.208
15,7,79.687,76.701,75.208
15,8,78.996,76.873,75.329
15,9,79.745,76.831,NA
15,10,83.469,NA,NA
15,11,75.838,78.702,76.463
15,12,75.209,79.324,76.6
15,13,84.517,NA,NA
15,14,82.166,79.358,NA
15,15,75.659,79.983,76.644
15,16,77.308,80.614,78.44
15,17,82.325,NA,NA
15,18,83.765,NA,NA
15,19,80.269,81.665,NA
15,20,75.696,81.903,79.2
16,1,79.555,75.683,NA
16,2,76.365,75.564,75.381
16,3,81.094,NA,NA
16,4,80.932,NA,NA
16,5,77.788,76.08,75.386
16,6,79.1,76.587,NA
16,7,77.502,76.674,75.85
16,8,81.121,NA,NA
16,9,80.744,77.11,NA
16,10,78.355,77.29,NA
16,11,77.76,77.646,76.341
16,12,75.917,77.495,76.382
16,13,77.074,77.795,76.846
16,14,77.447,78.076,77.096
16,15,77.157,78.858,77.354
16,16,78.203,79.303,77.35
16,17,80.177,80.065,NA
16,18,75.892,80.408,77.671
16,19,84.239,NA,NA
16,20,82.754,NA,NA
17,1,76.535,75.378,75.197
17,2,81.816,NA,NA
17,3,78.28,75.762,75.636
17,4,76.759,76.095,75.824
17,5,82.733,NA,NA
17,6,75.584,76.149,75.895
17,7,78.04,76.43,76.311
17,8,76.686,76.508,76.274
17,9,84.855,NA,NA
17,10,84.633,NA,NA
17,11,76.218,77.227,77.088
17,12,76.303,77.69,77.432
17,13,81.356,78.109,NA
17,14,81.509,78.308,NA
17,15,77.394,79.309,77.928
17,16,80.395,79.865,NA
17,17,80.244,80.139,NA
17,18,78.661,81.166,78.141
17,19,79.568,81.303,NA
17,20,83.064,NA,NA
18,1,77.446,75.033,74.753
18,2,75.806,75.376,75.208
18,3,82.49,77.165,NA
18,4,78.361,77.491,76.987
18,5,80.931,77.945,NA
18,6,81.906,78.001,NA
18,7,78.548,78.438,77.224
18,8,84.958,NA,NA
18,9,82.05,78.933,NA
18,10,80.849,79.293,NA
18,11,80.419,79.955,77.737
18,12,77.615,80.602,77.78
18,13,79.71,80.72,78.174
18,14,84.509,NA,NA
18,15,79.204,81.61,78.67
18,16,78.226,81.698,79.017
18,17,83.936,NA,NA
18,18,82.758,NA,NA
18,19,75.196,82.271,79.685
18,20,83.087,NA,NA
19,1,78.42,74.78,74.582
19,2,75.065,75.495,75.286
19,3,76.56,75.995,75.886
19,4,84.233,NA,NA
19,5,83.684,NA,NA
19,6,76.221,76.114,75.981
19,7,75.706,76.125,75.977
19,8,79.736,76.352,NA
19,9,82.475,NA,NA
19,10,83.804,NA,NA
19,11,81.434,76.706,NA
19,12,76.8,76.627,76.076
19,13,76.861,78.008,76.393
19,14,79.141,78.321,NA
19,15,78.817,78.713,76.558
19,16,76.447,79.084,77.874
19,17,83.267,NA,NA
19,18,76.81,79.351,78.09
19,19,79.519,79.904,NA
19,20,80.244,81.265,NA
20,1,82.346,NA,NA
20,2,81.104,74.628,NA
20,3,76.331,75.116,74.467
20,4,82.353,NA,NA
20,5,78.855,75.033,74.807
20,6,80.496,75.635,NA
20,7,81.772,NA,NA
20,8,75.281,75.899,74.861
20,9,76.078,76.166,75.511
20,10,81.644,77.745,NA
20,11,76.287,78.107,75.727
20,12,80.328,78.517,NA
20,13,84.473,NA,NA
20,14,75.397,79.63,75.876
20,15,75.092,80.202,77.626
20,16,78.315,80.046,77.941
20,17,79.903,80.448,78.345
20,18,78.144,80.798,79.49
20,19,83.582,NA,NA
20,20,80.934,81.405,NA
21,1,82.433,74.638,NA
21,2,83.957,NA,NA
21,3,84.678,NA,NA
21,4,80.506,74.905,74.538
21,5,75.039,74.898,74.745
21,6,82.154,76.069,NA
21,7,81.79,77.009,NA
21,8,82.978,77.721,NA
21,9,79.89,78.525,74.64
21,10,77.156,79.468,75.85
21,11,78.926,80.239,76.852
21,12,81.038,80.627,NA
21,13,81.035,80.865,77.428
21,14,84.18,NA,NA
21,15,83.526,NA,NA
21,16,78.151,81.399,78.311
21,17,84.235,NA,NA
21,18,76.276,81.733,79.25
21,19,75.283,81.939,80.063
21,20,75.304,82.747,80.523
22,1,75.709,75.015,74.877
22,2,84.708,NA,NA
22,3,80.102,75.144,NA
22,4,75.455,75.236,74.895
22,5,82.065,75.504,NA
22,6,75.558,76.755,74.988
22,7,82.219,77.569,NA
22,8,77.74,78.272,75.271
22,9,79.1,78.458,76.479
22,10,80.669,78.735,NA
22,11,77.005,79.704,77.36
22,12,75.392,79.888,78.007
22,13,83.837,NA,NA
22,14,84.081,NA,NA
22,15,82.907,80.499,NA
22,16,78.612,81.807,78.25
22,17,84.588,NA,NA
22,18,79.96,81.757,78.447
22,19,84.441,NA,NA
22,20,78.638,82.703,79.528
23,1,82.964,NA,NA
23,2,76.31,75.876,75.714
23,3,82.877,NA,NA
23,4,83.666,NA,NA
23,5,84.25,NA,NA
23,6,76.178,75.899,75.675
23,7,82.735,76.061,NA
23,8,80.074,77.592,NA
23,9,79.174,77.847,75.785
23,10,79.865,78.065,77.425
23,11,78.272,78.715,77.717
23,12,79.767,79.323,77.955
23,13,76.5,79.278,78.564
23,14,77.978,79.509,78.992
23,15,81.957,79.777,NA
23,16,77.708,81.265,79.124
23,17,82.328,81.805,NA
23,18,81.409,82.04,NA
23,19,84.159,NA,NA
23,20,79.472,82.277,79.269
24,1,77.189,74.877,74.691
24,2,84.787,NA,NA
24,3,82.007,76.826,NA
24,4,75.12,76.788,76.649
24,5,77.345,77.223,76.571
24,6,80.269,77.205,NA
24,7,77.461,76.961,76.802
24,8,78.323,77.467,77.082
24,9,77.764,77.463,77.079
24,10,77.35,77.834,77.333
24,11,77.774,78.627,77.302
24,12,79.005,79.817,77.7
24,13,80.246,80.086,NA
24,14,83.93,NA,NA
24,15,84.63,NA,NA
24,16,76.972,80.046,78.409
24,17,80.293,81.872,NA
24,18,84.1,NA,NA
24,19,82.146,81.894,NA
24,20,83.75,NA,NA
25,1,77.134,75.099,74.944
25,2,84.466,NA,NA
25,3,84.501,NA,NA
25,4,81.025,75.874,NA
25,5,79.626,75.916,75.652
25,6,83.047,NA,NA
25,7,76.185,76.667,75.765
25,8,76.386,77.108,76.479
25,9,80.431,77.35,NA
25,10,82.141,78.745,NA
25,11,79.849,79.068,76.987
25,12,77.398,79.452,77.073
25,13,80.785,79.541,NA
25,14,83.916,NA,NA
25,15,79.718,79.508,NA
25,16,75.207,80.119,78.587
25,17,79.434,80.376,78.903
25,18,83.619,NA,NA
25,19,77.766,80.815,79.227
25,20,79.148,81.866,79.274
26,1,76.041,74.984,74.705
26,2,75.383,75.743,75.495
26,3,77.851,76.166,75.89
26,4,77.637,77.534,77.119
26,5,80.133,77.311,NA
26,6,78.347,77.419,77.174
26,7,82.258,NA,NA
26,8,80.196,77.561,NA
26,9,84.275,NA,NA
26,10,81.608,77.651,NA
26,11,83.458,NA,NA
26,12,83.316,NA,NA
26,13,82.538,NA,NA
26,14,77.925,78.033,77.262
26,15,80.201,79.358,NA
26,16,76.267,79.77,77.456
26,17,79.665,79.838,77.474
26,18,77.858,79.806,77.751
26,19,80.532,80.2,NA
26,20,77.683,81.486,79.117
27,1,79.508,74.82,NA
27,2,84.932,NA,NA
27,3,79.841,75.785,NA
27,4,80.686,75.761,NA
27,5,84.977,NA,NA
27,6,76.486,75.763,74.539
27,7,76.085,75.923,75.62
27,8,76.412,76.089,75.486
27,9,79.542,77.071,NA
27,10,82.559,NA,NA
27,11,75.243,77.388,75.492
27,12,83.239,NA,NA
27,13,78.371,78.196,75.725
27,14,77.511,78.901,75.824
27,15,82.278,79.39,NA
27,16,76.244,79.435,76.787
27,17,83.571,NA,NA
27,18,79.126,79.711,77.117
27,19,77.213,80.505,78.06
27,20,76.089,81.835,78.73
28,1,78.339,75.687,75.553
28,2,83.662,NA,NA
28,3,80.839,75.736,NA
28,4,83.732,NA,NA
28,5,84.265,NA,NA
28,6,78.523,76.467,75.604
28,7,78.988,76.684,76.143
28,8,76.875,76.422,76.214
28,9,83.17,NA,NA
28,10,77.949,77.119,76.436
28,11,77.375,77.596,76.853
28,12,78.921,78.179,NA
28,13,76.786,78.241,77.392
28,14,75.941,78.673,77.96
28,15,76.597,78.605,78.007
28,16,81.08,NA,NA
28,17,79.704,79.485,NA
28,18,76.175,80.131,78.357
28,19,80.468,80.496,NA
28,20,80.829,80.554,NA
29,1,78.977,74.62,74.406
29,2,79.693,74.752,74.461
29,3,77.585,76.539,76.264
29,4,84.704,NA,NA
29,5,84.659,NA,NA
29,6,78.98,76.787,76.636
29,7,77.132,76.837,76.625
29,8,76.956,77.2,77.046
29,9,79.134,78.526,78.324
29,10,80.476,78.599,NA
29,11,82.139,NA,NA
29,12,75.161,78.869,78.393
29,13,80.035,79.474,NA
29,14,81.48,79.816,NA
29,15,84.859,NA,NA
29,16,75.074,79.976,78.677
29,17,76.73,80.229,79.192
29,18,80.474,80.217,NA
29,19,80.507,81.261,NA
29,20,81.971,NA,NA
30,1,77.317,74.971,74.747
30,2,76.202,75.353,75.13
30,3,75.624,75.537,75.261
30,4,77.203,75.811,75.527
30,5,79.637,76.1,75.841
30,6,81.321,NA,NA
30,7,76.004,76.914,76.682
30,8,84.08,NA,NA
30,9,80.406,77.017,NA
30,10,76.241,76.875,76.671
30,11,79.261,79.066,76.847
30,12,79.977,79.233,NA
30,13,75.206,79.773,78.805
30,14,83.136,NA,NA
30,15,82.653,NA,NA
30,16,77.133,79.667,78.939
30,17,79.943,80.102,NA
30,18,80.257,80.177,NA
30,19,81.219,81.111,NA
30,20,83.616,NA,NA
31,1,83.447,NA,NA
31,2,78.355,75.004,74.842
31,3,81.098,75.04,NA
31,4,83.076,NA,NA
31,5,79.579,75.301,74.767
31,6,80.987,75.832,NA
31,7,79.85,76.573,75.175
31,8,83.058,76.996,NA
31,9,82.689,78.059,NA
31,10,77.267,78.423,75.547
31,11,75.31,79.316,76.444
31,12,83.654,NA,NA
31,13,76.765,79.729,76.883
31,14,75.446,80.775,77.945
31,15,82.924,80.826,NA
31,16,75.96,82.438,78.125
31,17,75.37,82.482,79.085
31,18,78.717,82.725,79.518
31,19,83.339,NA,NA
31,20,84.11,NA,NA
32,1,83.912,NA,NA
32,2,83.329,NA,NA
32,3,81.015,76.335,76.14
32,4,83.233,77.496,NA
32,5,84.659,NA,NA
32,6,78.648,77.307,77.165
32,7,78.6,77.963,77.268
32,8,76.63,78.404,77.74
32,9,81.713,78.347,NA
32,10,78.278,78.469,78.147
32,11,83.757,NA,NA
32,12,77.703,79.608,78.256
32,13,79.806,80.641,78.346
32,14,81.46,81.111,NA
32,15,78.944,81.271,79.35
32,16,81.436,81.521,80.36
32,17,84.373,NA,NA
32,18,77.802,81.76,80.984
32,19,81.993,81.638,NA
32,20,82.052,82.821,NA
33,1,80.068,76.182,76.08
33,2,80.218,76.297,NA
33,3,82.345,NA,NA
33,4,83.674,NA,NA
33,5,84.438,NA,NA
33,6,80.506,76.787,NA
33,7,77.845,77.519,76.07
33,8,78.932,78.163,76.542
33,9,80.174,78.476,77.382
33,10,80.653,79.299,NA
33,11,76.464,79.629,77.998
33,12,80.12,79.778,78.181
33,13,79.763,79.695,79.097
33,14,81.836,79.921,NA
33,15,81.872,80.172,NA
33,16,77.047,80.184,79.498
33,17,78.269,81.642,79.526
33,18,84.469,NA,NA
33,19,76.708,81.456,79.556
33,20,84.918,NA,NA
34,1,82.079,74.884,NA
34,2,76.762,75.189,74.62
34,3,81.792,75.373,NA
34,4,76.491,76.199,75.008
34,5,77.61,76.294,75.256
34,6,75.674,77.354,75.924
34,7,78.492,78.213,76.176
34,8,82.703,NA,NA
34,9,79.708,78.563,77.107
34,10,82.563,78.69,NA
34,11,78.993,79.553,78.006
34,12,83.118,NA,NA
34,13,84.839,NA,NA
34,14,75.316,81.626,78.457
34,15,75.477,81.859,78.501
34,16,82.414,81.996,NA
34,17,83.242,NA,NA
34,18,84.788,NA,NA
34,19,82.45,82.227,NA
34,20,78.934,82.444,79.416
35,1,83.705,NA,NA
35,2,82.886,NA,NA
35,3,84.657,NA,NA
35,4,80.895,74.707,NA
35,5,77.694,75.266,74.582
35,6,80.375,75.299,NA
35,7,77.021,75.768,74.994
35,8,75.77,76.605,75.137
35,9,76.899,76.752,75.608
35,10,76.081,76.661,76.41
35,11,76.836,77.547,76.415
35,12,75.699,78.507,76.545
35,13,79.82,79.297,NA
35,14,80.86,79.555,NA
35,15,75.138,79.877,77.318
35,16,84.542,NA,NA
35,17,84.863,NA,NA
35,18,82.66,80.633,NA
35,19,78.706,80.625,78.319
35,20,79.621,82.498,79.136
36,1,76.02,75.162,74.891
36,2,78.375,75.406,75.305
36,3,79.732,75.601,75.327
36,4,81.05,75.579,NA
36,5,75.713,77.704,75.425
36,6,84.146,NA,NA
36,7,80.97,77.983,NA
36,8,78.025,77.89,77.44
36,9,75.966,78.88,77.612
36,10,79.206,79.327,77.713
36,11,81.837,NA,NA
36,12,75.459,79.577,78.668
36,13,79.477,80.454,79.06
36,14,81.522,80.85,NA
36,15,80.573,80.618,NA
36,16,83.63,NA,NA
36,17,84.608,NA,NA
36,18,84.991,NA,NA
36,19,81.65,81.154,NA
36,20,78.089,81.211,79.38
37,1,84.615,NA,NA
37,2,80.793,75.544,NA
37,3,78.599,76.594,75.249
37,4,79.517,76.526,76.342
37,5,84.388,NA,NA
37,6,82.722,NA,NA
37,7,75.644,77.654,76.321
37,8,81.941,77.691,NA
37,9,81.393,78.131,NA
37,10,77.006,78.61,77.488
37,11,77.88,78.687,77.391
37,12,78.167,79.171,77.877
37,13,84.111,NA,NA
37,14,79.507,79.085,78.445
37,15,83.812,NA,NA
37,16,78.796,79.285,78.568
37,17,79.692,80.407,NA
37,18,76.976,80.671,78.944
37,19,80.578,81.266,NA
37,20,78.777,81.577,78.995
38,1,80.847,75.406,NA
38,2,84.297,NA,NA
38,3,82.125,75.516,NA
38,4,80.011,75.681,75.267
38,5,78.113,75.6,75.299
38,6,79.219,76.112,75.411
38,7,75.632,76.711,75.478
38,8,84.024,NA,NA
38,9,83.6,77.753,NA
38,10,77.008,78.751,75.967
38,11,75.807,78.896,76.591
38,12,76.46,79.603,77.465
38,13,84.115,NA,NA
38,14,83.772,NA,NA
38,15,79.054,79.868,78.651
38,16,75.887,80.541,78.659
38,17,84.591,NA,NA
38,18,75.79,81.007,79.406
38,19,81.236,81.794,NA
38,20,80.095,83.12,NA
39,1,84.105,NA,NA
39,2,80.421,75.239,74.765
39,3,84.569,NA,NA
39,4,83.468,75.114,NA
39,5,81.318,74.988,74.923
39,6,75.429,75.151,74.972
39,7,84.01,NA,NA
39,8,84.934,NA,NA
39,9,77.414,76.48,75.113
39,10,84.013,NA,NA
39,11,76.925,77.236,76.207
39,12,75.471,77.843,77.06
39,13,78.777,78.639,77.591
39,14,78.085,80.08,78.405
39,15,81.865,80.918,NA
39,16,75.409,81.433,79.811
39,17,82.157,82.043,NA
39,18,83.834,82.622,NA
39,19,83.107,83.132,NA
39,20,75.567,83.517,80.729
40,1,83.72,NA,NA
40,2,80.287,75.225,NA
40,3,83.831,NA,NA
40,4,81.546,75.167,NA
40,5,81.83,NA,NA
40,6,75.719,75.462,75.051
40,7,79.083,76.699,75.016
40,8,80.761,76.804,NA
40,9,75.486,77.198,75.192
40,10,77.143,77.667,76.534
40,11,81.696,78.639,NA
40,12,80.151,78.665,76.549
40,13,82.986,NA,NA
40,14,83.337,NA,NA
40,15,81.353,79.746,NA
40,16,77.817,79.898,77.007
40,17,76.859,80.265,77.454
40,18,78.841,80.881,78.53
40,19,77.54,81.428,78.404
40,20,75.342,81.304,79.466
41,1,79.545,74.752,74.61
41,2,84.283,NA,NA
41,3,77.014,74.85,74.661
41,4,80.292,75.688,75.428
41,5,79.275,76.673,76.46
41,6,75.859,78.835,78.651
41,7,79.773,79.055,78.912
41,8,82.157,79.41,NA
41,9,82.889,79.991,NA
41,10,75.303,80.481,79.203
41,11,83.367,NA,NA
41,12,80.782,81.551,79.807
41,13,82.275,81.742,NA
41,14,82.534,82.021,NA
41,15,75.252,81.998,80.289
41,16,83.749,NA,NA
41,17,81.889,82.373,81.292
41,18,82.253,82.669,NA
41,19,84.253,NA,NA
41,20,84.074,NA,NA
42,1,78.917,76.386,76.208
42,2,83.564,NA,NA
42,3,76.864,77.283,77.031
42,4,79.607,77.337,77.21
42,5,77.768,77.359,77.193
42,6,82.553,78.459,NA
42,7,77.6,79.058,78.338
42,8,81.188,79.481,NA
42,9,77.686,79.569,78.799
42,10,80.093,79.898,79.195
42,11,80.596,80.232,79.442
42,12,79.399,80.81,79.788
42,13,79.761,80.827,80.039
42,14,84.336,NA,NA
42,15,83.506,NA,NA
42,16,82.257,81.971,NA
42,17,83.504,82.132,NA
42,18,84.012,NA,NA
42,19,81.214,83.123,NA
42,20,84.424,NA,NA
43,1,82.716,NA,NA
43,2,77.965,74.542,74.339
43,3,81.759,74.783,NA
43,4,79.143,75.508,74.683
43,5,79.384,75.298,75.095
43,6,77.838,77.159,75.376
43,7,84.575,NA,NA
43,8,79.944,77.444,NA
43,9,80.09,77.742,NA
43,10,84.808,NA,NA
43,11,75.101,78.292,76.979
43,12,75.618,78.931,77.284
43,13,83.462,NA,NA
43,14,75.025,79.15,77.475
43,15,75.665,79.494,78.165
43,16,82.895,NA,NA
43,17,82.322,79.642,NA
43,18,77.271,81.545,78.745
43,19,78.586,81.892,78.967
43,20,82.153,81.92,NA
44,1,76.679,75.135,74.836
44,2,82.576,NA,NA
44,3,76.411,75.072,74.977
44,4,76.618,75.498,75.391
44,5,83.179,NA,NA
44,6,79.193,75.955,75.658
44,7,82.852,NA,NA
44,8,76.213,76.016,75.8
44,9,81.739,76.448,NA
44,10,82.064,NA,NA
44,11,80.605,76.345,NA
44,12,80.307,78.389,NA
44,13,83.797,NA,NA
44,14,75.549,78.871,76.213
44,15,75.457,79.114,76.259
44,16,75.758,79.514,78.19
44,17,81.904,79.886,NA
44,18,78.82,80.44,78.616
44,19,79.589,81.425,78.916
44,20,79.836,81.48,NA
45,1,75.098,74.885,74.543
45,2,83.125,NA,NA
45,3,75.219,74.89,74.712
45,4,79.273,74.843,74.787
45,5,78.782,76.156,76.011
45,6,77.918,76.317,76.174
45,7,83.139,NA,NA
45,8,77.96,77.505,77.303
45,9,78.198,77.495,77.355
45,10,80.194,78.026,NA
45,11,76.437,78.492,77.734
45,12,83.336,NA,NA
45,13,83.77,NA,NA
45,14,79.927,79.161,NA
45,15,76.316,79.461,78.332
45,16,80.269,79.947,NA
45,17,80.26,79.95,NA
45,18,75.087,79.927,78.959
45,19,84.835,NA,NA
45,20,80.204,79.993,NA
46,1,78.689,75.033,74.691
46,2,84.4,NA,NA
46,3,77.829,74.836,74.772
46,4,79.915,74.944,74.929
46,5,75.211,76.156,75.95
46,6,80.632,77.664,NA
46,7,81.859,NA,NA
46,8,75.156,78.316,77.424
46,9,76.4,78.576,78.126
46,10,84.682,NA,NA
46,11,75.185,79.547,78.428
46,12,81.746,79.765,NA
46,13,79.794,80.062,79.341
46,14,84.213,NA,NA
46,15,80.372,79.894,79.475
46,16,78.748,80.218,79.691
46,17,80.372,80.164,NA
46,18,80.314,80.861,NA
46,19,81.309,81.293,NA
46,20,84.581,NA,NA
47,1,77.084,74.865,74.701
47,2,77.812,76.241,76.004
47,3,77.422,76.401,76.147
47,4,80.043,76.975,NA
47,5,79.084,76.967,76.818
47,6,80.595,77.116,NA
47,7,75.026,77.36,76.716
47,8,83.684,NA,NA
47,9,79.83,78.005,NA
47,10,83.563,NA,NA
47,11,84.747,NA,NA
47,12,84.583,NA,NA
47,13,77.373,78.656,76.979
47,14,78.241,78.773,77.136
47,15,76.367,79.48,77.832
47,16,83.545,NA,NA
47,17,82.895,79.605,NA
47,18,80.863,80.435,NA
47,19,78.922,80.42,78.462
47,20,76.606,82.785,78.658
48,1,80.705,75.625,NA
48,2,80.021,76.558,NA
48,3,76.731,76.255,75.409
48,4,76.727,76.613,76.118
48,5,82.046,NA,NA
48,6,79.24,77.389,NA
48,7,78.212,77.453,76.381
48,8,82.476,NA,NA
48,9,79.097,78.074,NA
48,10,78.793,77.939,76.432
48,11,78.398,78.318,77.256
48,12,81.872,78.667,NA
48,13,83.676,NA,NA
48,14,78.631,78.81,77.268
48,15,77.502,78.758,77.786
48,16,75.78,79.802,77.97
48,17,82.929,NA,NA
48,18,76.724,80.407,78.191
48,19,84.952,NA,NA
48,20,77.762,81.551,78.446
49,1,83.219,75.597,NA
49,2,84.588,NA,NA
49,3,76.753,75.595,75.354
49,4,83.791,NA,NA
49,5,80.631,76.394,75.381
49,6,76.499,76.293,76.177
49,7,80.972,76.361,76.134
49,8,82.124,79.817,NA
49,9,84.747,NA,NA
49,10,75.822,79.885,76.257
49,11,81.804,80.18,NA
49,12,84.982,NA,NA
49,13,81.798,80.459,NA
49,14,80.077,80.825,79.673
49,15,75.982,81.61,79.763
49,16,80.495,81.372,79.979
49,17,82.672,81.829,NA
49,18,84.84,NA,NA
49,19,76.712,82.527,80.344
49,20,80.306,83.109,80.552
50,1,82.486,NA,NA
50,2,83.424,NA,NA
50,3,83.894,NA,NA
50,4,78.931,75.651,75.351
50,5,75.784,75.628,75.416
50,6,75.964,75.675,75.507
50,7,81.421,76.476,NA
50,8,81.782,77.24,NA
50,9,76.772,78.536,76.316
50,10,78.694,78.535,77.042
50,11,82.322,79.193,NA
50,12,79.445,79.452,78.398
50,13,84.556,NA,NA
50,14,79.754,79.628,78.428
50,15,84.489,NA,NA
50,16,80.837,80.698,NA
50,17,82.446,80.949,NA
50,18,80.052,81.404,79.029
50,19,77.344,82.191,79.207
50,20,75.897,82.021,79.485
51,1,76.76,74.981,74.657
51,2,82.503,74.816,NA
51,3,79.07,75.801,74.829
51,4,76.199,76.08,75.503
51,5,82.47,76.406,NA
51,6,82.169,76.581,NA
51,7,76.528,77.362,75.811
51,8,77.485,78.484,76.161
51,9,82.821,NA,NA
51,10,80.165,78.843,76.367
51,11,84.02,NA,NA
51,12,80.949,79.984,NA
51,13,80.669,80.431,NA
51,14,83.611,NA,NA
51,15,76.821,80.634,77.203
51,16,75.179,81.68,78.303
51,17,82.529,NA,NA
51,18,78.881,82.088,78.604
51,19,75.241,82.008,79.88
51,20,83.586,NA,NA
52,1,81.392,74.748,NA
52,2,83.21,NA,NA
52,3,76.455,75.578,74.6
52,4,76.682,76.047,75.357
52,5,79.428,76.272,75.868
52,6,82.863,NA,NA
52,7,80.793,76.206,NA
52,8,79.657,76.773,76.085
52,9,80.621,78.896,75.977
52,10,81.632,79.268,NA
52,11,83.48,NA,NA
52,12,82.445,79.248,NA
52,13,75.194,80.359,76.669
52,14,75.959,80.38,78.63
52,15,76.338,80.967,79.045
52,16,83.142,NA,NA
52,17,82.248,81.487,NA
52,18,84.998,NA,NA
52,19,76.967,81.841,79.023
52,20,79.098,82.12,80.063
53,1,78.102,75.898,75.681
53,2,77.4,75.995,75.744
53,3,78.066,76.737,76.558
53,4,76.384,77.232,77.077
53,5,79.778,77.564,NA
53,6,78.617,77.839,77.297
53,7,82.942,NA,NA
53,8,80.556,77.765,NA
53,9,81.697,NA,NA
53,10,81.364,NA,NA
53,11,77.048,77.939,77.651
53,12,81.301,77.999,NA
53,13,77.88,78.439,77.706
53,14,80.062,79.598,NA
53,15,78.081,79.784,77.755
53,16,82.907,NA,NA
53,17,78.025,79.591,77.864
53,18,82.565,NA,NA
53,19,76.161,80.271,78.198
53,20,79.93,81.126,NA
54,1,84.123,NA,NA
54,2,75.997,74.545,74.294
54,3,77.387,75.855,75.638
54,4,84.526,NA,NA
54,5,77.234,75.803,75.668
54,6,77.842,75.891,75.654
54,7,82.95,NA,NA
54,8,75.98,76.617,76.404
54,9,80.613,76.922,NA
54,10,77.83,77.144,76.717
54,11,81.678,77.093,NA
54,12,77.478,77.376,76.859
54,13,84.329,NA,NA
54,14,79.038,77.57,NA
54,15,76.057,78.697,76.983
54,16,76.922,78.91,77.114
54,17,79.085,79.832,NA
54,18,80.118,80.473,NA
54,19,75.039,81.566,77.364
54,20,84.277,NA,NA
55,1,79.045,76.223,75.988
55,2,79.054,76.385,NA
55,3,82.604,NA,NA
55,4,76.72,77.528,76.108
55,5,78.929,77.872,77.37
55,6,81.94,77.58,NA
55,7,81.741,78.081,NA
55,8,78.511,78.366,77.444
55,9,81.482,78.721,NA
55,10,83.698,NA,NA
55,11,77.998,78.727,77.638
55,12,79.209,78.886,77.954
55,13,78.811,78.876,78.212
55,14,84.056,NA,NA
55,15,82.548,NA,NA
55,16,76.61,81.067,78.506
55,17,78.001,81.128,78.451
55,18,77.915,81.527,78.627
55,19,81.59,81.534,NA
55,20,83.268,NA,NA
56,1,75.987,75.025,74.78
56,2,83.748,NA,NA
56,3,75.7,75.201,74.943
56,4,84.774,NA,NA
56,5,80.914,75.601,NA
56,6,80.641,76.567,NA
56,7,82.485,76.638,NA
56,8,83.147,77.029,NA
56,9,80.167,78.582,75.331
56,10,77.47,78.872,76.408
56,11,82.659,79.802,NA
56,12,76.75,79.867,76.516
56,13,83.995,NA,NA
56,14,79.95,80.244,76.874
56,15,76.802,80.62,78.354
56,16,75.264,82.379,78.729
56,17,79.273,82.368,79.563
56,18,84.842,NA,NA
56,19,78.836,82.937,79.642
56,20,84.174,NA,NA
57,1,80.469,74.693,74.508
57,2,75.174,75.104,74.854
57,3,78.93,75.228,75.105
57,4,84.706,NA,NA
57,5,84.143,NA,NA
57,6,75.415,76.883,76.682
57,7,84.712,NA,NA
57,8,83.304,77.138,NA
57,9,84.237,NA,NA
57,10,83.682,78.73,NA
57,11,77.244,78.492,77.029
57,12,81.253,80.123,NA
57,13,78.946,80.198,78.192
57,14,81.637,80.133,NA
57,15,84.779,NA,NA
57,16,80.549,80.905,78.482
57,17,80.618,81.272,79.867
57,18,83.651,83.033,NA
57,19,75.326,83.318,79.883
57,20,77.428,83.319,79.954
58,1,84.696,NA,NA
58,2,81.733,75.177,NA
58,3,78.681,74.912,74.634
58,4,76.405,76.208,74.956
58,5,79.164,76.84,76.065
58,6,81.559,77.306,76.671
58,7,75.342,78.184,77.097
58,8,82.138,78.891,NA
58,9,80.962,80.466,77.955
58,10,84.01,NA,NA
58,11,80.944,80.607,78.736
58,12,84.511,NA,NA
58,13,84.499,NA,NA
58,14,83.674,81.29,NA
58,15,77.681,81.432,80.34
58,16,83.354,81.682,NA
58,17,75.348,83.211,80.478
58,18,84.711,NA,NA
58,19,77.006,83.478,81.116
58,20,83.935,83.82,NA
59,1,79.532,75.817,75.534
59,2,79.76,76.157,75.943
59,3,80.857,76.507,NA
59,4,80.582,78.996,76.393
59,5,82.954,NA,NA
59,6,80.385,79.427,78.703
59,7,79.157,79.296,79.094
59,8,81.348,80.095,NA
59,9,84.426,NA,NA
59,10,84.776,NA,NA
59,11,81.049,79.959,NA
59,12,76.878,80.394,79.271
59,13,82.484,NA,NA
59,14,84.107,NA,NA
59,15,80.766,80.418,79.732
59,16,80.425,80.432,79.876
59,17,75.921,80.63,80.119
59,18,82.053,80.884,NA
59,19,81.756,81.279,NA
59,20,76.424,81.815,80.234
60,1,80.104,75,NA
60,2,75.61,75.311,74.874
60,3,76.166,75.568,75.137
60,4,77.603,76.034,75.414
60,5,76.95,76.776,75.796
60,6,76.884,76.56,76.443
60,7,80.625,NA,NA
60,8,75.177,76.573,76.397
60,9,78.098,76.713,76.586
60,10,77.194,77.281,76.658
60,11,82.523,NA,NA
60,12,77.026,77.845,77.139
60,13,79.432,78.67,NA
60,14,78.994,78.911,NA
60,15,83.134,NA,NA
60,16,81.301,NA,NA
60,17,79.047,78.874,NA
60,18,75.693,79.252,77.562
60,19,79.285,79.67,NA
60,20,83.342,NA,NA
61,1,76.644,75.669,75.406
61,2,76.255,75.973,75.811
61,3,76.17,76.129,75.862
61,4,83.975,NA,NA
61,5,82.674,75.963,NA
61,6,77.59,76.368,75.986
61,7,78.595,77.473,76.212
61,8,80.395,77.538,NA
61,9,80.009,78.407,77.189
61,10,84.232,NA,NA
61,11,76.381,79.392,77.39
61,12,77.893,79.787,78.178
61,13,83.246,NA,NA
61,14,79.708,80.145,79.255
61,15,83.125,NA,NA
61,16,75.807,80.725,79.683
61,17,81.673,81.001,NA
61,18,80.913,81.205,NA
61,19,81.102,82.496,NA
61,20,83.776,NA,NA
62,1,84.38,NA,NA
62,2,83.493,NA,NA
62,3,78.379,74.849,74.504
62,4,75.059,74.717,74.668
62,5,77.891,75.641,75.382
62,6,83.342,75.606,NA
62,7,84.129,NA,NA
62,8,76.02,75.758,75.482
62,9,79.957,75.999,75.523
62,10,75.153,77.511,75.877
62,11,82.472,78.103,NA
62,12,83.878,NA,NA
62,13,82.231,79.811,NA
62,14,76.199,80.029,77.373
62,15,75.798,81.107,77.964
62,16,80.155,81.987,79.57
62,17,84.838,NA,NA
62,18,81.386,81.969,NA
62,19,82.114,82.039,NA
62,20,76.49,82.963,79.792
63,1,78.745,75.144,75.007
63,2,78.06,75.4,75.291
63,3,84.032,NA,NA
63,4,80.113,76.946,76.843
63,5,82.679,NA,NA
63,6,80.081,76.996,76.877
63,7,81.839,77.921,NA
63,8,82.832,NA,NA
63,9,75.489,77.955,77.733
63,10,75.832,78.433,77.669
63,11,82.222,78.788,NA
63,12,82.21,79.628,NA
63,13,81.711,79.761,NA
63,14,82.604,NA,NA
63,15,78.98,81.244,78.291
63,16,77.482,81.4,78.51
63,17,77.325,81.748,79.519
63,18,78.21,81.817,79.658
63,19,84.975,NA,NA
63,20,82.483,82.008,NA
64,1,77.894,74.933,74.804
64,2,76.986,75.422,75.261
64,3,79.987,76.61,NA
64,4,82.511,NA,NA
64,5,79.91,76.749,NA
64,6,80.712,77.119,NA
64,7,79.057,77.679,NA
64,8,77.792,77.491,76.329
64,9,84.112,NA,NA
64,10,75.078,77.344,76.502
64,11,81.287,NA,NA
64,12,75.545,77.459,76.887
64,13,76.848,77.507,77.107
64,14,83.098,NA,NA
64,15,77.977,78.654,77.221
64,16,77.785,79.588,77.329
64,17,77.278,79.561,77.251
64,18,81.067,80.362,NA
64,19,83.278,NA,NA
64,20,77.836,80.782,77.54
65,1,82.244,75.603,NA
65,2,78.077,77.335,75.366
65,3,83.253,77.616,NA
65,4,84.309,NA,NA
65,5,84.994,NA,NA
65,6,82.214,77.805,77.22
65,7,84.044,NA,NA
65,8,78.806,77.831,77.328
65,9,75.996,78.65,77.663
65,10,78.752,78.358,77.724
65,11,78.155,79.675,78.09
65,12,84.31,NA,NA
65,13,82.88,80.746,NA
65,14,81.187,81.843,78.46
65,15,77.7,81.899,79.455
65,16,77.967,82.355,80.447
65,17,80.156,82.609,81.579
65,18,83.026,82.818,NA
65,19,83.323,NA,NA
65,20,82.751,82.857,NA
66,1,82.477,NA,NA
66,2,84.266,NA,NA
66,3,79.271,75.758,75.578
66,4,81.073,75.9,NA
66,5,79.728,76.203,75.79
66,6,78.538,78.345,75.955
66,7,76.175,78.732,78.202
66,8,78.852,78.964,78.597
66,9,80.526,79.339,NA
66,10,76.431,79.254,78.732
66,11,79.975,79.506,79.03
66,12,79.629,79.987,79.102
66,13,80.883,80.266,NA
66,14,80.432,80.454,79.281
66,15,83.261,NA,NA
66,16,81.541,80.844,NA
66,17,81.082,80.849,NA
66,18,76.225,81.327,79.739
66,19,84.009,NA,NA
66,20,82.095,NA,NA
67,1,81.149,75.818,NA
67,2,75.996,75.886,75.616
67,3,84.908,NA,NA
67,4,79.93,75.928,NA
67,5,80.797,76.786,NA
67,6,77.902,77.398,75.667
67,7,81.437,NA,NA
67,8,81.683,NA,NA
67,9,77.72,77.323,75.748
67,10,76.087,77.273,76.668
67,11,77.741,77.518,76.986
67,12,77.255,78.308,77.028
67,13,84.12,NA,NA
67,14,79.055,78.674,77.179
67,15,79.861,79.619,NA
67,16,76.04,79.643,77.23
67,17,78.661,79.616,78.141
67,18,77.518,80.556,78.523
67,19,80.091,80.819,NA
67,20,81.372,NA,NA
68,1,77.975,74.82,74.534
68,2,80.936,76.901,76.704
68,3,81.545,77.518,NA
68,4,79.356,77.655,77.234
68,5,78.888,78.394,77.439
68,6,83.293,NA,NA
68,7,78.002,79.186,78.181
68,8,75.184,79.236,78.937
68,9,84.433,NA,NA
68,10,77.089,79.279,79.024
68,11,79.671,80.061,79.172
68,12,79.713,80.676,79.888
68,13,81.996,81.284,NA
68,14,84.415,NA,NA
68,15,81.536,81.416,NA
68,16,84.399,NA,NA
68,17,84.968,NA,NA
68,18,82.775,81.68,NA
68,19,82.713,82.379,NA
68,20,80.459,82.391,80.497
69,1,82.809,NA,NA
69,2,75.039,74.754,74.644
69,3,81.157,NA,NA
69,4,79.159,74.774,NA
69,5,80.668,75.15,NA
69,6,84.555,NA,NA
69,7,75.038,75.934,74.621
69,8,77.235,76.023,74.922
69,9,79.492,76.761,NA
69,10,80.739,77.12,NA
69,11,82.385,NA,NA
69,12,76.129,78.042,75.694
69,13,77.054,78.112,75.758
69,14,80.42,78.675,NA
69,15,78.36,78.818,76.65
69,16,83.754,NA,NA
69,17,75.305,79.124,76.845
69,18,76.414,80.108,77.795
69,19,78.306,80.44,77.905
69,20,78.967,80.278,78.573
70,1,79.491,75.37,NA
70,2,77.725,75.905,75.104
70,3,82.405,75.871,NA
70,4,77.677,76.019,75.71
70,5,84.607,NA,NA
70,6,84.258,NA,NA
70,7,75.539,76.72,75.719
70,8,78.839,76.688,75.879
70,9,82.721,NA,NA
70,10,80.437,77.541,NA
70,11,84.273,NA,NA
70,12,76.397,77.288,76.577
70,13,76.074,78.335,76.604
70,14,82.595,NA,NA
70,15,76.315,78.586,77.145
70,16,76.919,79.143,77.331
70,17,79.355,79.132,NA
70,18,77.038,80.015,78.177
70,19,80.384,80.163,NA
70,20,78.657,82.265,78.373
71,1,77.029,75.481,75.367
71,2,81.321,76.345,NA
71,3,79.799,76.861,76.098
71,4,82.636,NA,NA
71,5,75.666,77.231,76.629
71,6,79.748,77.375,76.937
71,7,83.014,NA,NA
71,8,82.49,78.356,NA
71,9,77.409,78.703,77.167
71,10,82.547,NA,NA
71,11,82.187,79.492,NA
71,12,80.524,79.365,78.175
71,13,80.47,80.335,NA
71,14,76.578,80.164,78.504
71,15,78.846,80.88,79.206
71,16,82.754,NA,NA
71,17,82.66,NA,NA
71,18,82.063,81.651,NA
71,19,78.733,81.926,79.22
71,20,77.81,82.094,79.912
72,1,84.266,NA,NA
72,2,76.527,75.832,75.536
72,3,76.627,76.053,75.788
72,4,81.936,76.364,NA
72,5,83.483,76.194,NA
72,6,78.313,77.898,76.042
72,7,81.171,78.165,76.174
72,8,83.264,80.309,NA
72,9,78.434,80.786,77.765
72,10,76.323,80.749,77.969
72,11,83.498,NA,NA
72,12,80.968,80.876,80.127
72,13,76.41,80.871,80.514
72,14,84.261,NA,NA
72,15,80.948,81.162,80.588
72,16,84.367,NA,NA
72,17,80.614,81.689,80.581
72,18,81.018,82.916,NA
72,19,83.687,NA,NA
72,20,81.621,83.143,NA
73,1,77.325,74.944,74.714
73,2,78.287,74.873,74.749
73,3,78.534,75.634,75.434
73,4,82.188,NA,NA
73,5,79.574,76.565,NA
73,6,75.283,76.968,76.336
73,7,77.773,76.972,76.676
73,8,77.466,77.565,76.753
73,9,83.361,NA,NA
73,10,83.303,NA,NA
73,11,79.38,78.123,NA
73,12,75.249,78.265,77.328
73,13,81.245,78.815,NA
73,14,84.797,NA,NA
73,15,81.699,79.109,NA
73,16,76.128,79.133,77.946
73,17,79.561,79.436,NA
73,18,84.236,NA,NA
73,19,76.765,80.745,77.975
73,20,78.998,81.207,78.69
74,1,76.183,75.862,75.563
74,2,78.275,76.036,75.766
74,3,84.938,NA,NA
74,4,81.659,76.913,NA
74,5,79.303,77.262,76.719
74,6,82.634,NA,NA
74,7,79.791,77.467,77.056
74,8,84.924,NA,NA
74,9,81.159,77.794,NA
74,10,76.322,77.812,77.18
74,11,80.404,78.646,NA
74,12,81.673,79.194,NA
74,13,84.115,NA,NA
74,14,77.925,79.512,77.621
74,15,82.322,79.943,NA
74,16,82.394,NA,NA
74,17,79.034,80.779,77.652
74,18,78.265,81.538,78.486
74,19,77.561,81.238,79.044
74,20,77.382,81.989,79.405
75,1,80.157,74.864,NA
75,2,75.154,75.26,74.736
75,3,81.273,NA,NA
75,4,78.759,75.268,75.081
75,5,81.307,NA,NA
75,6,79.892,75.362,75.012
75,7,78.387,77.914,75.185
75,8,82.906,NA,NA
75,9,75.512,78.339,77.743
75,10,79.632,78.354,78.199
75,11,75.501,79.249,78.091
75,12,79.673,79.571,79.007
75,13,78.497,79.717,79.277
75,14,80.443,79.952,NA
75,15,83.901,NA,NA
75,16,80.546,80.265,NA
75,17,80.865,80.06,NA
75,18,75.558,80.64,79.494
75,19,84.23,NA,NA
75,20,81.069,80.614,NA
76,1,82.618,75.412,NA
76,2,81.535,76.018,NA
76,3,77.071,76.457,75.166
76,4,75.859,76.314,75.805
76,5,81.025,76.874,NA
76,6,82.657,78.188,NA
76,7,83.299,NA,NA
76,8,78.94,78.143,76.083
76,9,78.43,78.376,76.296
76,10,76.585,78.529,76.662
76,11,83.666,NA,NA
76,12,83.876,NA,NA
76,13,80.335,80.062,78.025
76,14,78.859,80.71,77.942
76,15,84.296,NA,NA
76,16,76.789,81.243,78.222
76,17,83.234,NA,NA
76,18,82.947,82.328,NA
76,19,78.479,82.177,78.354
76,20,76.24,82.76,79.833
77,1,82.844,74.953,NA
77,2,82.228,75.649,NA
77,3,77.862,75.784,74.705
77,4,75.809,76.532,75.457
77,5,84.513,NA,NA
77,6,75.241,76.886,75.67
77,7,84.362,NA,NA
77,8,77.297,77.003,76.239
77,9,77.963,77.404,76.751
77,10,77.218,77.526,76.761
77,11,83.994,NA,NA
77,12,79.302,77.522,NA
77,13,77.676,79.035,77.143
77,14,76.245,78.967,77.382
77,15,76.976,81.72,77.249
77,16,79.33,81.826,78.702
77,17,82.18,82.517,NA
77,18,84.89,NA,NA
77,19,83.567,83.068,NA
77,20,84.483,NA,NA
78,1,79.908,76.402,NA
78,2,76.818,76.653,76.127
78,3,77.702,76.942,76.507
78,4,77.381,76.954,76.685
78,5,76.634,77.146,76.848
78,6,83.319,NA,NA
78,7,78.51,77.078,76.88
78,8,82.904,NA,NA
78,9,77.344,77.527,76.987
78,10,77.257,77.946,77.355
78,11,77.431,78.349,77.682
78,12,81.599,78.372,NA
78,13,78.091,79.675,78.226
78,14,83.543,NA,NA
78,15,82.218,NA,NA
78,16,78.677,79.832,78.187
78,17,80.283,80.159,NA
78,18,80.378,81.295,NA
78,19,81.757,81.586,NA
78,20,82.059,NA,NA
79,1,80.621,75.046,NA
79,2,82.611,75.396,NA
79,3,77.863,76.005,74.78
79,4,83.363,NA,NA
79,5,79.28,76.678,NA
79,6,83.867,NA,NA
79,7,78.262,77.4,75.179
79,8,81.087,77.699,NA
79,9,75.3,77.67,75.821
79,10,78.822,78.095,76.556
79,11,84.174,NA,NA
79,12,79.406,78.654,77.198
79,13,83.364,NA,NA
79,14,75.528,79.173,77.482
79,15,82.905,79.039,NA
79,16,77.173,80.357,77.583
79,17,77.601,80.928,77.867
79,18,76.449,82.161,78.411
79,19,84.022,NA,NA
79,20,77.991,82.727,78.793
80,1,82.797,NA,NA
80,2,80.314,74.96,NA
80,3,76.362,75.032,74.629
80,4,84.687,NA,NA
80,5,78.775,74.915,74.68
80,6,80.023,75.175,NA
80,7,75.282,76.034,74.823
80,8,75.363,77.957,74.889
80,9,84.724,NA,NA
80,10,79.734,78.328,75.923
80,11,79.77,78.972,77.827
80,12,79.166,79.389,78.193
80,13,82.235,79.627,NA
80,14,83.986,NA,NA
80,15,75.227,79.676,78.814
80,16,75.082,80.023,79.187
80,17,78.445,82.061,79.346
80,18,84.33,NA,NA
80,19,82.215,81.96,NA
80,20,82.318,81.905,NA
81,1,75.793,74.993,74.889
81,2,81.615,75.498,NA
81,3,80.689,75.5,NA
81,4,84.977,NA,NA
81,5,82.781,NA,NA
81,6,75.374,77.136,75.261
81,7,78.57,77.043,75.343
81,8,84.995,NA,NA
81,9,77.322,77.592,76.767
81,10,79.039,78.18,76.988
81,11,80.752,78.273,NA
81,12,75.868,78.393,77.443
81,13,77.272,78.752,77.917
81,14,77.995,80.36,78.158
81,15,82.504,NA,NA
81,16,82.217,80.575,NA
81,17,78.869,81.512,78.219
81,18,82.517,NA,NA
81,19,81.714,81.422,NA
81,20,78.324,82.032,78.452
82,1,75.334,74.688,74.478
82,2,79.203,75.097,74.859
82,3,83.256,NA,NA
82,4,81.025,75.132,74.86
82,5,82.1,75.231,NA
82,6,84.349,NA,NA
82,7,75.216,76.178,75.055
82,8,84.51,NA,NA
82,9,82.164,76.402,NA
82,10,84.132,NA,NA
82,11,75.294,77.485,76.069
82,12,77.596,79.1,76.218
82,13,76.82,79.047,77.228
82,14,82.656,80.717,NA
82,15,81.771,80.719,NA
82,16,76.6,81.519,78.946
82,17,75.061,81.729,78.828
82,18,81.077,81.93,NA
82,19,79.345,82.166,80.592
82,20,83.073,NA,NA
83,1,84.302,NA,NA
83,2,76.257,75.196,75.061
83,3,78.443,75.399,75.118
83,4,75.868,75.846,75.58
83,5,76.868,76.4,76.152
83,6,82.066,77.703,NA
83,7,83.206,NA,NA
83,8,79.147,78.001,77.541
83,9,77.978,78.197,77.79
83,10,80.694,78.648,NA
83,11,82.064,78.947,NA
83,12,79.271,79.028,78.069
83,13,75.614,78.871,78.416
83,14,78.937,80.574,78.586
83,15,81.48,81.206,NA
83,16,83.581,NA,NA
83,17,79.193,81.84,NA
83,18,78.203,81.604,78.807
83,19,83.865,NA,NA
83,20,83.267,NA,NA
84,1,82.113,75.207,NA
84,2,82.269,76.356,NA
84,3,81.811,76.498,NA
84,4,78.445,76.53,75.094
84,5,76.934,77.717,76.218
84,6,83.322,NA,NA
84,7,83.649,NA,NA
84,8,82.935,78.135,NA
84,9,81.107,78.3,NA
84,10,84.309,NA,NA
84,11,76.829,78.329,76.217
84,12,75.575,79.748,76.376
84,13,84.31,NA,NA
84,14,78.644,80.475,77.5
84,15,79.901,80.84,77.982
84,16,78.774,81.657,78.022
84,17,83.555,NA,NA
84,18,77.002,81.726,78.197
84,19,80.681,82.06,79.505
84,20,77.855,82.656,80.189
85,1,78.284,74.762,NA
85,2,79.702,75.005,NA
85,3,77.649,75.811,74.521
85,4,75.063,75.992,74.829
85,5,84.881,NA,NA
85,6,83.343,NA,NA
85,7,77.21,76.379,75.539
85,8,77.128,76.29,75.719
85,9,76.606,76.752,76.108
85,10,82.251,NA,NA
85,11,76.3,76.966,76.098
85,12,77.293,76.815,76.582
85,13,75.239,77.363,76.639
85,14,80.166,78.134,NA
85,15,79.393,79.018,NA
85,16,76.154,79.476,76.72
85,17,76.488,79.956,77.189
85,18,80.544,80.237,NA
85,19,80.96,NA,NA
85,20,84.335,NA,NA
86,1,82.251,75.864,NA
86,2,83.604,NA,NA
86,3,83.457,76.245,NA
86,4,84.427,NA,NA
86,5,77.281,76.39,75.645
86,6,76.623,76.516,76.099
86,7,76.828,76.434,76.229
86,8,80.513,76.981,NA
86,9,80.887,78.247,NA
86,10,84.997,NA,NA
86,11,84.36,NA,NA
86,12,79.912,79.144,76.195
86,13,78.348,79.696,76.291
86,14,80.324,80.142,76.793
86,15,79.495,80.339,78.022
86,16,81.629,80.515,NA
86,17,84.414,NA,NA
86,18,76.643,81.39,78.909
86,19,76.619,82.012,79.401
86,20,76.043,83.31,79.983
87,1,80.249,75.876,75.701
87,2,78.291,76.825,76.554
87,3,84.175,NA,NA
87,4,78.551,76.95,76.816
87,5,82.342,76.983,NA
87,6,77.308,77.431,76.73
87,7,77.452,77.8,77.175
87,8,81.284,78.151,NA
87,9,80.852,78.247,NA
87,10,84.761,NA,NA
87,11,82.182,78.959,NA
87,12,77.691,80.123,77.522
87,13,81.376,80.631,NA
87,14,79.419,80.864,77.899
87,15,84.227,NA,NA
87,16,83.978,NA,NA
87,17,76.186,80.939,77.996
87,18,83.336,NA,NA
87,19,77.115,81.97,78.789
87,20,78.427,81.901,79.845
88,1,76.173,75.013,74.805
88,2,83.779,NA,NA
88,3,75.949,75.47,75.324
88,4,84.437,NA,NA
88,5,79.735,75.474,75.211
88,6,79.963,75.846,75.596
88,7,81.139,76.511,NA
88,8,80.518,76.937,NA
88,9,77.885,77.736,76.252
88,10,75.342,78.917,76.808
88,11,76.629,79.628,77.591
88,12,77.075,79.555,78.816
88,13,82.042,79.903,NA
88,14,84.557,NA,NA
88,15,80.23,80.26,NA
88,16,81.991,80.802,NA
88,17,84.769,NA,NA
88,18,75.749,81.571,79.441
88,19,79.278,81.881,79.404
88,20,83.446,NA,NA
89,1,81.501,75.104,NA
89,2,81.364,75.449,NA
89,3,82.784,NA,NA
89,4,81.143,76.377,NA
89,5,81.943,77.103,NA
89,6,75.405,77.823,74.98
89,7,79.433,78.405,75.156
89,8,77.498,78.67,76.112
89,9,84.304,NA,NA
89,10,76.869,79.004,76.897
89,11,82.763,NA,NA
89,12,81.384,79.385,NA
89,13,79.785,80.148,77.7
89,14,75.792,80.951,78.204
89,15,78.621,81.066,78.387
89,16,78.298,81.186,78.898
89,17,78.907,81.155,79.268
89,18,82.479,NA,NA
89,19,84.446,NA,NA
89,20,80.568,81.57,79.977
90,1,77.518,74.879,74.728
90,2,76.196,75.003,74.777
90,3,82.63,75.485,NA
90,4,75.862,75.704,75.266
90,5,76.092,75.807,75.475
90,6,78.645,76.364,75.707
90,7,79.729,77.225,76.187
90,8,80.205,78.338,76.952
90,9,82.297,79.457,NA
90,10,82.748,NA,NA
90,11,82.834,NA,NA
90,12,80.389,79.79,NA
90,13,83.355,NA,NA
90,14,76.789,79.732,78.163
90,15,79.927,79.948,NA
90,16,75.452,80.732,79.199
90,17,81.109,82.185,NA
90,18,75.375,82.22,79.536
90,19,84.9,NA,NA
90,20,82.669,NA,NA
91,1,76.881,74.865,74.742
91,2,81.904,74.864,NA
91,3,82.918,NA,NA
91,4,82.513,NA,NA
91,5,75.12,74.881,74.6
91,6,81.603,75.659,NA
91,7,81.658,76.409,NA
91,8,81.055,76.417,74.614
91,9,75.098,76.946,75.413
91,10,82.466,80.654,NA
91,11,77.329,80.891,76.274
91,12,75.071,81.169,76.118
91,13,81.495,81.403,76.789
91,14,76.523,81.356,80.42
91,15,76.135,81.615,80.616
91,16,82.761,NA,NA
91,17,83.059,NA,NA
91,18,82.488,NA,NA
91,19,80.823,81.69,81.01
91,20,82.174,82.24,NA
92,1,79.267,74.601,74.306
92,2,80.259,75.365,NA
92,3,77.896,75.418,75.205
92,4,82.7,NA,NA
92,5,82.837,NA,NA
92,6,78.593,76.536,75.208
92,7,83.727,NA,NA
92,8,75.483,77.502,76.406
92,9,81.218,78.27,NA
92,10,84.822,NA,NA
92,11,78.702,78.411,77.384
92,12,78.396,78.513,78.054
92,13,75.074,79.07,78.28
92,14,81.79,79.166,NA
92,15,79.46,79.912,78.334
92,16,76.777,80.132,78.959
92,17,82.288,81.115,NA
92,18,83.313,NA,NA
92,19,80.036,81.447,NA
92,20,75.55,82.063,78.87
93,1,81.265,NA,NA
93,2,79.445,74.571,NA
93,3,75.045,74.869,74.388
93,4,77.002,74.979,74.582
93,5,80.214,75.782,NA
93,6,75.211,76.639,74.706
93,7,81.476,NA,NA
93,8,77.304,76.741,75.582
93,9,81.879,NA,NA
93,10,79.977,76.703,NA
93,11,76.036,76.956,76.366
93,12,77.183,77.02,76.516
93,13,76.785,77.86,76.573
93,14,75.296,78.974,76.737
93,15,79.214,79.283,NA
93,16,82.783,NA,NA
93,17,79.62,79.195,NA
93,18,78.112,79.769,76.809
93,19,77.123,79.853,77.722
93,20,84.414,NA,NA
94,1,80.731,75.856,75.619
94,2,84.868,NA,NA
94,3,78.856,76.178,75.941
94,4,76.438,76.526,76.275
94,5,79.975,76.956,76.804
94,6,83.806,NA,NA
94,7,83.785,NA,NA
94,8,83.764,NA,NA
94,9,80.138,77.614,77.354
94,10,82.857,78.409,NA
94,11,77.985,79.654,78.17
94,12,83.726,NA,NA
94,13,81.953,79.784,NA
94,14,75.98,79.708,79.369
94,15,81.277,80.317,NA
94,16,82.632,81.132,NA
94,17,76.928,81.269,79.416
94,18,77.242,81.546,79.583
94,19,79.954,82.358,80.035
94,20,81.497,82.636,NA
95,1,79.951,74.769,NA
95,2,75.142,75.671,74.604
95,3,82.485,76.48,NA
95,4,77.203,77.042,75.455
95,5,84.426,NA,NA
95,6,80.374,77.45,NA
95,7,78.268,77.821,76.305
95,8,82.958,NA,NA
95,9,83.802,NA,NA
95,10,76.03,78.065,76.772
95,11,76.746,78.7,77.159
95,12,79.759,78.891,NA
95,13,79.28,79.161,77.659
95,14,83.967,NA,NA
95,15,78.202,79.536,77.818
95,16,82.462,79.681,NA
95,17,77.926,80.268,78.419
95,18,79.601,82.123,78.674
95,19,83.303,NA,NA
95,20,78.969,82.142,78.94
96,1,77.638,74.64,74.521
96,2,84.328,NA,NA
96,3,75.095,74.707,74.462
96,4,75.686,75.353,75.246
96,5,77.286,75.473,75.259
96,6,77.581,76.189,76.035
96,7,79.785,76.955,76.736
96,8,78.501,77.413,77.223
96,9,83.661,NA,NA
96,10,84.113,NA,NA
96,11,75.762,77.405,77.237
96,12,81.318,78.026,NA
96,13,83.619,NA,NA
96,14,81.13,79.542,NA
96,15,84.864,NA,NA
96,16,81.655,80.968,NA
96,17,82.619,80.821,NA
96,18,76.414,81.404,77.862
96,19,75.063,81.87,79.33
96,20,81.984,82.431,NA
97,1,79.19,75.48,75.288
97,2,78.052,75.793,75.67
97,3,81.016,75.977,NA
97,4,78.231,77.008,75.789
97,5,79.064,77.646,76.853
97,6,76.467,77.941,77.408
97,7,80.303,78.69,77.782
97,8,80.501,79.077,NA
97,9,80.751,79.888,NA
97,10,81.439,79.867,NA
97,11,82.081,NA,NA
97,12,80.068,80.209,78.558
97,13,83.673,NA,NA
97,14,83.056,NA,NA
97,15,82.786,NA,NA
97,16,75.628,80.286,78.803
97,17,81.118,80.825,NA
97,18,83.836,NA,NA
97,19,77.202,80.693,79.576
97,20,75.949,81.114,79.595
98,1,76.306,75.042,74.94
98,2,75.248,75.748,75.551
98,3,78.319,75.909,75.796
98,4,76.92,76.001,75.754
98,5,84.675,NA,NA
98,6,84.028,75.988,NA
98,7,78.667,76.716,NA
98,8,79.463,77.062,NA
98,9,76.384,77.696,75.812
98,10,82.111,77.98,NA
98,11,78.171,78.149,76.436
98,12,84.596,NA,NA
98,13,84.765,NA,NA
98,14,83.517,78.366,NA
98,15,84.955,NA,NA
98,16,77.392,79.172,76.96
98,17,76.25,81.627,77.486
98,18,78.383,83.228,77.796
98,19,84.515,NA,NA
98,20,76.235,83.64,77.928
99,1,79.807,75.394,75.111
99,2,75.689,76.417,76.164
99,3,76.718,76.859,76.584
99,4,77.301,76.913,76.708
99,5,77.278,77.44,77.327
99,6,81.128,78.491,NA
99,7,78.862,78.702,78.227
99,8,84.757,NA,NA
99,9,83.912,NA,NA
99,10,77.93,79.521,78.43
99,11,81.633,79.577,NA
99,12,80.125,79.662,79.362
99,13,79.778,80.674,79.427
99,14,82.974,81.2,NA
99,15,83.039,82.784,NA
99,16,82.914,82.568,NA
99,17,83.283,NA,NA
99,18,84.739,NA,NA
99,19,83.224,NA,NA
99,20,79.107,82.617,79.371
100,1,84.991,NA,NA
100,2,79.556,77.634,77.509
100,3,82.412,77.734,NA
100,4,79.689,77.811,77.568
100,5,84.825,NA,NA
100,6,79.003,78.874,77.563
100,7,80.661,79.408,NA
100,8,81.901,79.41,NA
100,9,84.752,NA,NA
100,10,77.809,79.991,78.596
100,11,84.063,NA,NA
100,12,80.217,79.808,79.219
100,13,78.024,80.36,79.189
100,14,77.968,80.516,79.668
100,15,80.301,80.552,79.803
100,16,80.675,80.329,NA
100,17,80.721,80.903,80.146
100,18,82.521,NA,NA
100,19,80.467,81.595,80.255
100,20,81.168,82.3,NA
